edge_id,length_m,infra_type,current_comfort,upgrade_cost_est,priority_category,is_candidate,population_density,comfort_gap,bixi_station_count,bixi_trip_demand,combined_demand_score,distance_to_rev,is_rev_connector,connectivity_priority,priority_with_connectivity
5840a95d6d3d47fb0449b28092972939,34.3,piste cyclable sur rue,4,51449.99999999999,medium_priority,True,4828.27759975899,1,0,0,0.38901610617116833,0.0,True,0.8407037258384107,medium_priority_connector
a8d287b0d55bf4d2ca108fb8c89ef401,70.9,piste cyclable sur rue,4,106350.00000000001,medium_priority,True,4828.27759975899,1,0,0,0.38901610617116833,34.8125701003738,True,0.19177175952108905,medium_priority_connector
b7bcb030243776185ebb5203db5be23f,86.7,piste cyclable sur rue,4,130050.0,medium_priority,True,4828.27759975899,1,0,0,0.38901610617116833,0.0,True,0.8407037258384107,medium_priority_connector
cb2ceb8ca05de6b0fa47e58785ed3c5f,54.0,piste cyclable en site propre,5,54000.0,lower_priority,True,4828.27759975899,0,0,0,0.38901610617116833,0.0,True,0.8407037258384107,lower_priority_connector
44a2a2161f4cf62890ac9d27a5c8dd09,39.800000000000004,piste cyclable en site propre,5,39800.00000000001,lower_priority,True,4828.27759975899,0,0,0,0.38901610617116833,41.32490326605257,True,0.1889035972584331,lower_priority_connector
ac8e9856550684bf8cb00289a5ddeca0,375.09999999999997,sentier polyvalent,2,1125300.0,lower_priority,True,4828.27759975899,3,0,0,0.38901610617116833,0.0,True,0.8407037258384107,lower_priority_connector
c9008cdd559a94ab074944600c92f805,43.6,piste cyclable en site propre,5,43600.0,lower_priority,True,4828.27759975899,0,0,0,0.38901610617116833,89.39106459888347,True,0.18051640623280507,lower_priority_connector
524820c334b9170c0939d1ac4b56bea4,116.4,piste cyclable en site propre,5,116400.0,lower_priority,True,4828.27759975899,0,0,0,0.38901610617116833,43.83156368475635,True,0.18802170767560508,lower_priority_connector
faf27aa3b0849939f4ea5f217c199283,28.6,piste cyclable en site propre,5,28600.0,lower_priority,True,4828.27759975899,0,0,0,0.38901610617116833,94.24397166265769,True,0.18014010334932126,lower_priority_connector
1949084e13b2d400d0251511451e1971,82.3,piste cyclable sur rue,4,123450.0,medium_priority,True,4828.27759975899,1,0,0,0.38901610617116833,0.0,True,0.8407037258384107,medium_priority_connector
330045245ddd0d2e03fd05fddeaab9fc,82.3,piste cyclable sur rue,4,123450.0,medium_priority,True,4828.27759975899,1,0,0,0.38901610617116833,83.55098200105078,True,0.18102652746781697,medium_priority_connector
785fb14d4ab2ecb03e2edb42e9d0254d,82.9,piste cyclable sur rue,4,124350.00000000001,medium_priority,True,4828.27759975899,1,0,0,0.38901610617116833,88.08256281332893,True,0.18062488748405298,medium_priority_connector
05f7a33c4dc6745383c2db92ac477c96,512.8000000000001,piste cyclable en site propre,5,512800.00000000006,lower_priority,True,4828.27759975899,0,0,0,0.38901610617116833,89.02480249137177,True,0.1805464533549031,lower_priority_connector
c3bde175d8c828b03688eca402f27b27,85.4,piste cyclable sur rue,4,128100.00000000001,medium_priority,True,4828.27759975899,1,0,0,0.38901610617116833,0.0,True,0.8407037258384107,medium_priority_connector
9440b1b460fac48a5664c31c3b5b58a2,95.60000000000001,piste cyclable sur rue,4,143400.0,medium_priority,True,4828.27759975899,1,0,0,0.38901610617116833,0.0,True,0.8407037258384107,medium_priority_connector
2cb55e3dee7dc026a81e949a1e00c671,1042.7,piste cyclable en site propre,5,1042700.0,lower_priority,True,4828.27759975899,0,0,0,0.38901610617116833,78.35426364424917,True,0.1815435849518627,lower_priority_connector
9619cfafed06472be1cfce2630fe8132,86.8,piste cyclable sur rue,4,130200.0,medium_priority,True,4828.27759975899,1,0,0,0.38901610617116833,0.0,True,0.8407037258384107,medium_priority_connector
4336a9c34916539e6f521574380a87e7,274.5,piste cyclable en site propre,5,274500.0,lower_priority,True,4828.27759975899,0,0,0,0.38901610617116833,0.0,True,0.8407037258384107,lower_priority_connector
9e2b7b58772ddf8c9b5c38d1de1b1de4,80.69999999999999,piste cyclable sur rue,4,121049.99999999999,medium_priority,True,4828.27759975899,1,0,0,0.38901610617116833,88.72578517854427,True,0.18057116578534735,medium_priority_connector
13c8b3f43aab8de7be76587fe959c21a,44.0,piste cyclable en site propre,5,44000.0,lower_priority,True,4828.27759975899,0,0,0,0.38901610617116833,0.0,True,0.8407037258384107,lower_priority_connector
3fea4ef4e4bc049bf1d0bbd5a6d74673,655.9000000000001,sentier polyvalent,2,1967700.0000000002,lower_priority,True,4828.27759975899,3,0,0,0.38901610617116833,0.0,True,0.8407037258384107,lower_priority_connector
40bb9ec133278d0b3f547d96fec570a0,270.5,sentier polyvalent,2,811500.0,lower_priority,True,4828.27759975899,3,0,0,0.38901610617116833,42.54177154097778,True,0.1884627987968696,lower_priority_connector
38b5d1b808dd0ca461b7c64b8d29c773,563.2,piste cyclable en site propre,5,563200.0,lower_priority,True,4828.27759975899,0,0,0,0.38901610617116833,0.0,True,0.8407037258384107,lower_priority_connector
0adb0bede9a3902b20dcf35477d10ee4,239.0,bande cyclable,3,478000.0,high_priority,True,4828.27759975899,2,2,19048,0.47911236083214853,0.0,True,0.8808009260317419,high_priority_connector
0d0f80e48d618c5b8edbcbb30d6e5514,105.2,piste cyclable en site propre,5,105200.0,lower_priority,True,4828.27759975899,0,0,0,0.38901610617116833,0.0,True,0.8407037258384107,lower_priority_connector
c0cb7c1590b6fa1f7c1b4233b2e2c176,187.29999999999998,piste cyclable sur rue,4,280950.0,medium_priority,True,4828.27759975899,1,0,0,0.38901610617116833,0.0,True,0.8407037258384107,medium_priority_connector
275886d8b0f90852cc622882bb8a43f1,312.90000000000003,bande cyclable,3,625800.0000000001,high_priority,True,4828.27759975899,2,0,0,0.38901610617116833,0.0,True,0.8407037258384107,high_priority_connector
183b2374f1ff3e14310a59d2823137eb,93.10000000000001,piste cyclable sur rue,4,139650.0,medium_priority,True,4828.27759975899,1,0,0,0.38901610617116833,0.0,True,0.8407037258384107,medium_priority_connector
28f25a3ddba9304aa3dcf3d2c7237009,338.3,bande cyclable,3,676600.0,high_priority,True,4828.27759975899,2,0,0,0.38901610617116833,0.0,True,0.8407037258384107,high_priority_connector
1d813f2d40f0aa33932ce5c82ccb189c,232.3,bande cyclable,3,464600.0,high_priority,True,4828.27759975899,2,0,0,0.38901610617116833,86.8605240138649,True,0.18072911852459292,high_priority_connector
bfb355e32e27b1648282f702e5f36200,81.60000000000001,piste cyclable sur rue,4,122400.00000000001,medium_priority,True,4828.27759975899,1,0,0,0.38901610617116833,0.0,True,0.8407037258384107,medium_priority_connector
527a82f1f7020811e48559f117cf70e7,176.1,bande cyclable,3,352200.0,high_priority,True,4828.27759975899,2,0,0,0.38901610617116833,0.0,True,0.8407037258384107,high_priority_connector
c154854d690875a0a68aacabc89de120,118.3,piste cyclable sur rue,4,177450.0,medium_priority,True,4828.27759975899,1,0,0,0.38901610617116833,0.0,True,0.8407037258384107,medium_priority_connector
e46fddd6c1dd922695a8ce811713aa08,338.2,bande cyclable,3,676400.0,high_priority,True,4828.27759975899,2,1,11410,0.44298493574287057,0.0,True,0.8647224708093215,high_priority_connector
4388fbe12d6e6982b28c69477912e269,69.3,piste cyclable sur rue,4,103950.0,medium_priority,True,4828.27759975899,1,0,0,0.38901610617116833,0.0,True,0.8407037258384107,medium_priority_connector
94dd9a9956935905a0c691480ac68e05,64.8,piste cyclable sur rue,4,97200.0,medium_priority,True,4828.27759975899,1,0,0,0.38901610617116833,0.0,True,0.8407037258384107,medium_priority_connector
f8119415b80054d8e6b6e7767b53bbc4,105.0,piste cyclable sur rue,4,157500.0,medium_priority,True,4828.27759975899,1,0,0,0.38901610617116833,89.87522558983068,True,0.18047705871303968,medium_priority_connector
40f77b811c409fa2f536c9d42e12b5bb,99.7,bande cyclable,3,199400.0,high_priority,True,4828.27759975899,2,0,0,0.38901610617116833,0.0,True,0.8407037258384107,high_priority_connector
f5f135dcbcabc6b656a92df6a5b921f5,37.199999999999996,chaussée désignée,2,148799.99999999997,transformative,True,4828.27759975899,3,0,0,0.38901610617116833,0.0,True,0.8407037258384107,transformative_connector
09397718aa588e8b50c3857629539b20,56.5,piste cyclable sur rue,4,84750.0,medium_priority,True,4828.27759975899,1,0,0,0.38901610617116833,0.0,True,0.8407037258384107,medium_priority_connector
596f11b1b6ddcfa693aab65af6144007,85.6,bande cyclable,3,171200.0,high_priority,True,4828.27759975899,2,0,0,0.38901610617116833,0.0,True,0.8407037258384107,high_priority_connector
dae97586b9d4130484b2e2b064ae6bec,227.20000000000002,bande cyclable,3,454400.00000000006,high_priority,True,4828.27759975899,2,0,0,0.38901610617116833,37.768579625102284,True,0.19035044883885496,high_priority_connector
5d9746b5f9b137950a4627d12a86d3f1,137.2,piste cyclable sur rue,4,205799.99999999997,medium_priority,True,4828.27759975899,1,0,0,0.38901610617116833,84.97904736332198,True,0.18089538740995442,medium_priority_connector
0643dd06a6c091b82659d86cfb7f2185,72.8,chaussée désignée,2,291200.0,transformative,True,4828.27759975899,3,0,0,0.38901610617116833,0.0,True,0.8407037258384107,transformative_connector
5205fc18b528e527e305fb165e35b8bb,62.199999999999996,bande cyclable,3,124399.99999999999,high_priority,True,4828.27759975899,2,0,0,0.38901610617116833,0.0,True,0.8407037258384107,high_priority_connector
794b38dff79206f5d80c13ff80fb992d,176.0,chaussée désignée,2,704000.0,transformative,True,4828.27759975899,3,0,0,0.38901610617116833,0.0,True,0.8407037258384107,transformative_connector
11f81c6d8459facdb74701dd8465a6a1,68.8,vélorue,5,206400.0,lower_priority,True,4828.27759975899,0,0,0,0.38901610617116833,86.89642034044066,True,0.18072601551155434,lower_priority_connector
1a9117f4bd7539f686290881682681c9,43.6,bande cyclable,3,87200.0,high_priority,True,4828.27759975899,2,0,0,0.38901610617116833,87.0665219855916,True,0.1807113456825767,high_priority_connector
4b2b8880cb47438d28cba31826cb8a9e,131.0,chaussée désignée,2,524000.0,transformative,True,4828.27759975899,3,0,0,0.38901610617116833,0.0,True,0.8407037258384107,transformative_connector
cddfe82fbcb62a7834c418667b9f0d22,149.7,bande cyclable,3,299400.0,high_priority,True,4828.27759975899,2,0,0,0.38901610617116833,0.0,True,0.8407037258384107,high_priority_connector
5dd716e601002463f00fc77c29da7e42,139.9,bande cyclable,3,279800.0,high_priority,True,4828.27759975899,2,0,0,0.38901610617116833,82.05305638744095,True,0.18116892896062453,high_priority_connector
da9a7cf24e15c80cfa8a89793b50577a,320.40000000000003,chaussée désignée,2,1281600.0000000002,transformative,True,4828.27759975899,3,0,0,0.38901610617116833,0.0,True,0.8407037258384107,transformative_connector
b95017ea4e772170841a67d319f7c989,191.5,bande cyclable,3,383000.0,high_priority,True,4828.27759975899,2,1,5348,0.41431192567594166,0.0,True,0.8519615915793775,high_priority_connector
db3b144a22fd740607f0260bf3781f2e,169.7,bande cyclable,3,339400.0,high_priority,True,4828.27759975899,2,0,0,0.38901610617116833,0.0,True,0.8407037258384107,high_priority_connector
cc48f5f92db2947e93ca265ff3c80bf8,67.10000000000001,piste cyclable sur rue,4,100650.00000000001,medium_priority,True,4828.27759975899,1,0,0,0.38901610617116833,63.6224826456041,True,0.18346136996214452,medium_priority_connector
aa31d0d5ceeab2fe242e5cca01ccd7d8,60.3,bande cyclable,3,120600.0,high_priority,True,4828.27759975899,2,0,0,0.38901610617116833,78.00582400220395,True,0.1815806869036103,high_priority_connector
b4c5528916a0c62a2a8b1ee9f6096384,66.9,bande cyclable,3,133800.0,high_priority,True,4828.27759975899,2,0,0,0.38901610617116833,0.0,True,0.8407037258384107,high_priority_connector
a09b9923cb5c3869888e1a0864347042,87.7,piste cyclable sur rue,4,131550.0,medium_priority,True,4828.27759975899,1,0,0,0.38901610617116833,72.59246383440639,True,0.18220223257077472,medium_priority_connector
e995c4a6ca642f0eb63629eb4e2c163d,87.4,bande cyclable,3,174800.0,high_priority,True,4828.27759975899,2,2,57360,0.6603265412485426,69.73048207491188,True,0.3033155765118449,high_priority_connector
f5ee768310cfd4aa297318b5161cffdd,131.39999999999998,chaussée désignée,2,525599.9999999999,transformative,True,4828.27759975899,3,1,39866,0.5775806425169598,0.0,True,0.9246240840338823,transformative_connector
1282f1aa2eb86eae924ecc4eab910324,23.5,bande cyclable,3,47000.0,high_priority,True,4828.27759975899,2,0,0,0.38901610617116833,0.0,True,0.8407037258384107,high_priority_connector
97c836d33572140d4ce27ad251991a1f,85.0,chaussée désignée,2,340000.0,transformative,True,4828.27759975899,3,0,0,0.38901610617116833,0.0,True,0.8407037258384107,transformative_connector
ce0ffb223456925300fea684588456f8,102.8,bande cyclable,3,205600.0,high_priority,True,4828.27759975899,2,0,0,0.38901610617116833,0.0,True,0.8407037258384107,high_priority_connector
17fd5ef06199058424fd2202e8e906dc,37.699999999999996,piste cyclable sur rue,4,56549.99999999999,medium_priority,True,4828.27759975899,1,0,0,0.38901610617116833,0.0,True,0.8407037258384107,medium_priority_connector
4247d412b3e795e639ed634f8289f127,131.70000000000002,chaussée désignée,2,526800.0000000001,transformative,True,4828.27759975899,3,0,0,0.38901610617116833,0.0,True,0.8407037258384107,transformative_connector
6e60d3990d807df17106cabebc183b11,29.9,piste cyclable sur rue,4,44850.0,medium_priority,True,4828.27759975899,1,0,0,0.38901610617116833,57.2351556045004,True,0.1845944193612539,medium_priority_connector
00ee19eefe9af02b5a77c6fe02cd7515,214.0,piste cyclable sur rue,4,321000.0,medium_priority,True,4890.049751243781,1,1,15908,0.4692372953103098,68.2606406097379,True,0.218471897868865,medium_priority_connector
3eba3fd3b77ee140e66c58acbfe07e7f,91.1,piste cyclable sur rue,4,136650.0,medium_priority,True,4828.27759975899,1,0,0,0.38901610617116833,0.0,True,0.8407037258384107,medium_priority_connector
c637f2a33d70fad3d57e60ff405f10ca,338.6,bande cyclable,3,677200.0,high_priority,True,4828.27759975899,2,0,0,0.38901610617116833,0.0,True,0.8407037258384107,high_priority_connector
0640a09b5de609f8366a5b91ef7d8af3,170.0,piste cyclable sur rue,4,255000.0,medium_priority,True,4828.27759975899,1,0,0,0.38901610617116833,96.53346211111199,True,0.17997557290567337,medium_priority_connector
098dfa05401cb76c17d82fc2f0f3e617,76.5,piste cyclable sur rue,4,114750.0,medium_priority,True,4828.27759975899,1,2,17398,0.47130792886078055,0.0,True,0.8773275755320046,medium_priority_connector
e5ffe33a9c267b3abfd40f6ec74411a6,195.1,bande cyclable,3,390200.0,high_priority,True,4828.27759975899,2,1,17013,0.469486894734128,0.0,True,0.8765171270820659,high_priority_connector
bcffcd78abc5a29a6e7d9229fd94f970,46.699999999999996,bande cyclable,3,93399.99999999999,high_priority,True,4828.27759975899,2,0,0,0.38901610617116833,0.0,True,0.8407037258384107,high_priority_connector
29d12f32175a0976e31fd519866741f3,168.6,chaussée désignée,2,674400.0,transformative,True,4828.27759975899,3,0,0,0.38901610617116833,52.33715862366682,True,0.1856471129233694,transformative_connector
5b50ad553a47066969bc287635871d04,133.89999999999998,piste cyclable sur rue,4,200849.99999999997,medium_priority,True,4828.27759975899,1,0,0,0.38901610617116833,0.0,True,0.8407037258384107,medium_priority_connector
2581b8325705d1c261b1b95b9c2a900a,209.79999999999998,piste cyclable sur rue,4,314700.0,medium_priority,True,4828.27759975899,1,0,0,0.38901610617116833,48.08760685365639,True,0.1867306404748512,medium_priority_connector
f7ea5fd35ef1b31348b22aa8a82a1acc,219.70000000000002,bande cyclable,3,439400.00000000006,high_priority,True,4828.27759975899,2,1,34877,0.5539828782108054,72.58724644171103,True,0.2556210850474011,high_priority_connector
2fb31ac228f57cc22006f8194551b1ef,51.6,bande cyclable,3,103200.0,high_priority,True,4828.27759975899,2,0,0,0.38901610617116833,0.0,True,0.8407037258384107,high_priority_connector
504289dcafda9b3691c2c4547c10677e,68.7,chaussée désignée,2,274800.0,transformative,True,4828.27759975899,3,0,0,0.38901610617116833,86.76653437461323,True,0.18073725536530302,transformative_connector
c53a2818ee964bd80e8c4cfd6d724121,287.6,bande cyclable,3,575200.0,high_priority,True,4828.27759975899,2,0,0,0.38901610617116833,98.0557483432464,True,0.17987038602746053,high_priority_connector
68bac0e34279636458e6b17592ea50f2,60.900000000000006,piste cyclable sur rue,4,91350.00000000001,medium_priority,True,4828.27759975899,1,0,0,0.38901610617116833,77.3339237349469,True,0.18165316293366027,medium_priority_connector
44ac9ee4d003fe2bbeb166420f49dcb2,194.20000000000002,bande cyclable,3,388400.00000000006,high_priority,True,4828.27759975899,2,2,37796,0.567789627861971,0.0,True,0.9202666079523936,high_priority_connector
6dd964ddb68245289947f8702b4f3623,171.1,chaussée désignée,2,684400.0,transformative,True,4828.27759975899,3,0,0,0.38901610617116833,0.0,True,0.8407037258384107,transformative_connector
5a571ae10d8f2f16f44c4d54722fe922,225.20000000000002,bande cyclable,3,450400.00000000006,high_priority,True,4828.27759975899,2,0,0,0.38901610617116833,37.768579625102284,True,0.19035044883885496,high_priority_connector
a9bd11f15b03a1e9739cacee4bfa1390,188.79999999999998,chaussée désignée,2,755199.9999999999,transformative,True,4828.27759975899,3,0,0,0.38901610617116833,0.0,True,0.8407037258384107,transformative_connector
f81d43d5cd0ce8eabcafe41d9d1c77c4,59.6,bande cyclable,3,119200.0,high_priority,True,4828.27759975899,2,0,0,0.38901610617116833,73.54895587175528,True,0.1820858454241457,high_priority_connector
ae3eab543f4125bc37a95590dfeb9344,224.3,chaussée désignée,2,897200.0,transformative,True,4828.27759975899,3,0,0,0.38901610617116833,0.0,True,0.8407037258384107,transformative_connector
ada88bc59c52e084f77f97c94073ae6c,81.5,piste cyclable sur rue,4,122250.0,medium_priority,True,4828.27759975899,1,0,0,0.38901610617116833,87.39210624048586,True,0.18068342425384984,medium_priority_connector
48133dbfe7644091e21586fdede07825,227.6,bande cyclable,3,455200.0,high_priority,True,4828.27759975899,2,0,0,0.38901610617116833,85.63898116861151,True,0.18083624582206415,high_priority_connector
f3724bc066493a42e20e1fd00b53b7da,213.29999999999998,piste cyclable sur rue,4,319950.0,medium_priority,True,4828.27759975899,1,0,0,0.38901610617116833,65.88063589010365,True,0.18311257681057183,medium_priority_connector
cc676811e27c204fcf25f2c96dba4dbe,76.89999999999999,bande cyclable,3,153799.99999999997,high_priority,True,4828.27759975899,2,1,40657,0.581322039904446,0.0,True,0.9262891872128473,high_priority_connector
0c5f6ba75ab7be5bab38ddb9498d0ee4,179.5,chaussée désignée,2,718000.0,transformative,True,4828.27759975899,3,0,0,0.38901610617116833,0.0,True,0.8407037258384107,transformative_connector
ba6ac60d0721c40ad5a1a4e6bdbc2601,93.0,piste cyclable en site propre,5,93000.0,lower_priority,True,4828.27759975899,0,0,0,0.38901610617116833,0.0,True,0.8407037258384107,lower_priority_connector
709fb66fb32fb7317b64b8751eae17f9,228.4,chaussée désignée,2,913600.0,transformative,True,4828.27759975899,3,0,0,0.38901610617116833,0.0,True,0.8407037258384107,transformative_connector
9092ff2a4cff317921a3a89ff8e8caa6,212.9,bande cyclable,3,425800.0,high_priority,True,4828.27759975899,2,1,18869,0.47826569821222437,0.0,True,0.8804241201290431,high_priority_connector
78f526568feefebf4263543bd7614e1c,76.39999999999999,piste cyclable sur rue,4,114599.99999999999,medium_priority,True,4828.27759975899,1,0,0,0.38901610617116833,64.48375659502287,True,0.18332550024924332,medium_priority_connector
91de8c1b9c4154672cf219571dab36d0,69.5,chaussée désignée,2,278000.0,transformative,True,4828.27759975899,3,1,3392,0.4050601263207927,0.0,True,0.8478440924415072,transformative_connector
1f0b7c6f603042ee56c4d92f2233ee8e,319.1,chaussée désignée,2,1276400.0,transformative,True,4828.27759975899,3,0,0,0.38901610617116833,0.0,True,0.8407037258384107,transformative_connector
37285d5154d3d712bf7eabb7e739cca3,62.7,piste cyclable sur rue,4,94050.0,medium_priority,True,4828.27759975899,1,0,0,0.38901610617116833,58.84626204554737,True,0.18428581608373976,medium_priority_connector
0cb756d5f2ea4e49ac3e1cc56af676e4,86.2,piste cyclable sur rue,4,129300.0,medium_priority,True,4828.27759975899,1,0,0,0.38901610617116833,0.0,True,0.8407037258384107,medium_priority_connector
ed50add90647a188770105c11d0acc75,121.7,piste cyclable en site propre,5,121700.0,lower_priority,True,4828.27759975899,0,0,0,0.38901610617116833,0.0,True,0.8407037258384107,lower_priority_connector
2f8da91ee151257008cc24f809d2c1b3,643.5999999999999,piste cyclable en site propre,5,643599.9999999999,lower_priority,True,4828.27759975899,0,0,0,0.38901610617116833,0.0,True,0.8407037258384107,lower_priority_connector
feae2afa348914ee0577d604f5cba994,213.60000000000002,piste cyclable sur rue,4,320400.00000000006,medium_priority,True,4828.27759975899,1,0,0,0.38901610617116833,81.40376837396624,True,0.18123226242776436,medium_priority_connector
6be06892e9871bb4f2ffccaf822c9659,75.80000000000001,chaussée désignée,2,303200.00000000006,transformative,True,4828.27759975899,3,0,0,0.38901610617116833,77.29410524949724,True,0.18165749708788706,transformative_connector
7b16ec179baa9e618c97101b6c057103,259.79999999999995,piste cyclable en site propre,5,259799.99999999994,lower_priority,True,4828.27759975899,0,0,0,0.38901610617116833,0.0,True,0.8407037258384107,lower_priority_connector
eb079f5c56bf43f2e40f19515dcd7ff7,115.5,sentier polyvalent,2,346500.0,lower_priority,True,4828.27759975899,3,0,0,0.38901610617116833,30.54742860185539,True,0.19429194531137747,lower_priority_connector
94852afd0263eddc113ee05fe198e09b,86.4,piste cyclable sur rue,4,129600.00000000001,medium_priority,True,4828.27759975899,1,0,0,0.38901610617116833,0.0,True,0.8407037258384107,medium_priority_connector
aae1394ac94640d5e56c21051ce3c993,75.6,piste cyclable sur rue,4,113399.99999999999,medium_priority,True,4828.27759975899,1,0,0,0.38901610617116833,35.13227267668921,True,0.19160682409833849,medium_priority_connector
ed0805b92004236fef0aae94bbc0f155,182.2,chaussée désignée,2,728800.0,transformative,True,4828.27759975899,3,0,0,0.38901610617116833,0.0,True,0.8407037258384107,transformative_connector
9cd97981d756bf7006e193ec86bed446,290.3,bande cyclable,3,580600.0,high_priority,True,4828.27759975899,2,0,0,0.38901610617116833,0.0,True,0.8407037258384107,high_priority_connector
edcb19a072df4a6bd4dbb15988a2c6ea,110.2,chaussée désignée,2,440800.0,transformative,True,4828.27759975899,3,0,0,0.38901610617116833,0.0,True,0.8407037258384107,transformative_connector
68731d101b4e332a410d1ec2ee81787b,320.5,bande cyclable,3,641000.0,high_priority,True,4828.27759975899,2,0,0,0.38901610617116833,0.0,True,0.8407037258384107,high_priority_connector
4a6a46f56c9ee6da9f6dc40ec29d6359,135.1,bande cyclable,3,270200.0,high_priority,True,4828.27759975899,2,0,0,0.38901610617116833,0.0,True,0.8407037258384107,high_priority_connector
a357524e6c6878e03dcd4d09edd70d7f,12.0,bande cyclable,3,24000.0,high_priority,True,4828.27759975899,2,0,0,0.38901610617116833,65.88565719386108,True,0.18311182746581595,high_priority_connector
c1a1308ed6bc4f244b7faa2062a51000,48.5,bande cyclable,3,97000.0,high_priority,True,4828.27759975899,2,0,0,0.38901610617116833,0.0,True,0.8407037258384107,high_priority_connector
2aa3dcbe2468621224853404dfaa2040,259.6,piste cyclable sur rue,4,389400.00000000006,medium_priority,True,4828.27759975899,1,0,0,0.38901610617116833,0.0,True,0.8407037258384107,medium_priority_connector
aa05debde2ab8a68dc7cfccadd471978,181.0,chaussée désignée,2,724000.0,transformative,True,4828.27759975899,3,0,0,0.38901610617116833,0.0,True,0.8407037258384107,transformative_connector
5a513ec027115215fe06ae171988b974,139.0,chaussée désignée,2,556000.0,transformative,True,4828.27759975899,3,0,0,0.38901610617116833,0.0,True,0.8407037258384107,transformative_connector
9f07270afe173de15eb76175f848bfa0,263.2,chaussée désignée,2,1052800.0,transformative,True,4828.27759975899,3,0,0,0.38901610617116833,68.98586903418821,True,0.18266970092883905,transformative_connector
1c3ef5693eba1be15cadf015b5f90003,83.7,piste cyclable sur rue,4,125550.0,medium_priority,True,4828.27759975899,1,0,0,0.38901610617116833,0.0,True,0.8407037258384107,medium_priority_connector
dd1387cc524472511373afd07be6f8a5,22.599999999999998,chaussée désignée,2,90399.99999999999,transformative,True,4828.27759975899,3,0,0,0.38901610617116833,0.0,True,0.8407037258384107,transformative_connector
203bc70746c04cfb0a50c4e846125003,35.6,piste cyclable sur rue,4,53400.0,medium_priority,True,4828.27759975899,1,1,32055,0.5406349345603809,0.0,True,0.9081814532742166,medium_priority_connector
aec7b6b6aef98bea7a995b57566ca1fc,58.8,bande cyclable,3,117600.0,high_priority,True,4828.27759975899,2,0,0,0.38901610617116833,89.44920907190627,True,0.18051165860424048,high_priority_connector
2ed241f251353023124c5dfaf1e3c467,179.0,piste cyclable sur rue,4,268500.0,medium_priority,True,4828.27759975899,1,0,0,0.38901610617116833,88.01693297189279,True,0.18063041251348377,medium_priority_connector
42c7d0b896169d1dd1dcf80aebce08ba,76.2,piste cyclable sur rue,4,114300.0,medium_priority,True,4828.27759975899,1,0,0,0.38901610617116833,0.0,True,0.8407037258384107,medium_priority_connector
f1668bfb6fcbac4b1ca389a2ba453384,187.20000000000002,chaussée désignée,2,748800.0000000001,transformative,True,4828.27759975899,3,0,0,0.38901610617116833,0.0,True,0.8407037258384107,transformative_connector
8763406df06ca071d1faecf2d52def69,320.2,chaussée désignée,2,1280800.0,transformative,True,4828.27759975899,3,0,0,0.38901610617116833,0.0,True,0.8407037258384107,transformative_connector
fca08800fdeaf3ff96daddaed6e0cb70,71.8,piste cyclable sur rue,4,107700.0,medium_priority,True,4828.27759975899,1,0,0,0.38901610617116833,68.90509155264652,True,0.1826807231649646,medium_priority_connector
689bc92864b99dcbb0b41b864871dc69,265.7,bande cyclable,3,531400.0,high_priority,True,4828.27759975899,2,1,8399,0.4287430298848166,86.54923902648602,True,0.19843654044766978,high_priority_connector
121268db865f16999b55614bb8252422,156.4,piste cyclable sur rue,4,234600.0,medium_priority,True,4828.27759975899,1,0,0,0.38901610617116833,0.0,True,0.8407037258384107,medium_priority_connector
d90199639931eaf6585de54cff2a00f1,65.0,bande cyclable,3,130000.0,high_priority,True,4828.27759975899,2,0,0,0.38901610617116833,67.8570584742308,True,0.18282607358319733,high_priority_connector
80ca1b598f2fd1ff4fa0e28a63a1e230,284.3,chaussée désignée,2,1137200.0,transformative,True,4828.27759975899,3,1,24103,0.5030223024171577,0.0,True,0.8914420089263918,transformative_connector
585fa856712855d70ad0bdefe9d433f6,210.79999999999998,bande cyclable,3,421599.99999999994,high_priority,True,4828.27759975899,2,0,0,0.38901610617116833,82.36207732841761,True,0.18113913266096732,high_priority_connector
63b7015652358d0af38daa54464458a6,12.1,bande cyclable,3,24200.0,high_priority,True,4828.27759975899,2,0,0,0.38901610617116833,81.40376837396624,True,0.18123226242776436,high_priority_connector
76cabb4c0b70c510f42bf52709691678,72.9,piste cyclable sur rue,4,109350.00000000001,medium_priority,True,4828.27759975899,1,0,0,0.38901610617116833,0.0,True,0.8407037258384107,medium_priority_connector
39ebc5f0bb13b057ca52cb748d9a48af,53.8,piste cyclable sur rue,4,80700.0,medium_priority,True,4828.27759975899,1,0,0,0.38901610617116833,0.0,True,0.8407037258384107,medium_priority_connector
1cb5088f0fea7d4347bc4e753352c16a,168.2,bande cyclable,3,336400.0,high_priority,True,4828.27759975899,2,0,0,0.38901610617116833,47.332498419221594,True,0.18694311006815156,high_priority_connector
a1cb22bad03528bb6a03b7bee537bd6f,67.9,piste cyclable sur rue,4,101850.00000000001,medium_priority,True,4828.27759975899,1,0,0,0.38901610617116833,0.0,True,0.8407037258384107,medium_priority_connector
67abcbe3faf9803a099a6638095fa20b,208.1,piste cyclable sur rue,4,312150.0,medium_priority,True,4828.27759975899,1,0,0,0.38901610617116833,84.84483071818384,True,0.18090752683651068,medium_priority_connector
f558a0a063fb9a9803c183ecc91030fb,133.6,chaussée désignée,2,534400.0,transformative,True,4828.27759975899,3,0,0,0.38901610617116833,0.0,True,0.8407037258384107,transformative_connector
d5948d19992dbf806ff0102c7e3ce63a,95.4,piste cyclable sur rue,4,143100.0,medium_priority,True,4828.27759975899,1,0,0,0.38901610617116833,0.0,True,0.8407037258384107,medium_priority_connector
9b7beed477ec5cef863633c0ec93f089,292.0,piste cyclable sur rue,4,438000.0,medium_priority,True,4828.27759975899,1,1,22326,0.4946171656819329,0.0,True,0.88770131569122,medium_priority_connector
0a13c8682759b2c422c20501e26a5fc0,131.6,chaussée désignée,2,526400.0,transformative,True,4828.27759975899,3,0,0,0.38901610617116833,0.0,True,0.8407037258384107,transformative_connector
b3479f9f630fd43adf32d75cf038becf,180.7,chaussée désignée,2,722800.0,transformative,True,4828.27759975899,3,0,0,0.38901610617116833,0.0,True,0.8407037258384107,transformative_connector
994f73594e2040618b4f307271cfa1de,88.5,bande cyclable,3,177000.0,high_priority,True,4828.27759975899,2,0,0,0.38901610617116833,0.0,True,0.8407037258384107,high_priority_connector
be5dc3e147c52ccc541b3f6c08b1ffd9,78.3,piste cyclable au niveau du trottoir,5,234900.0,lower_priority,True,4828.27759975899,0,0,0,0.38901610617116833,0.0,True,0.8407037258384107,lower_priority_connector
29d11f1a2fc88d2d647e289519f5f735,85.9,bande cyclable,3,171800.0,high_priority,True,4828.27759975899,2,0,0,0.38901610617116833,0.0,True,0.8407037258384107,high_priority_connector
3b0610d3fb1afd96a302c557b8e98477,360.3,bande cyclable,3,720600.0,high_priority,True,4828.27759975899,2,0,0,0.38901610617116833,0.0,True,0.8407037258384107,high_priority_connector
8c824e31d80a358cae23a8054946cfcf,320.7,bande cyclable,3,641400.0,high_priority,True,4828.27759975899,2,0,0,0.38901610617116833,0.0,True,0.8407037258384107,high_priority_connector
efd9f35b080c7f5972080429d95ff3ff,232.6,chaussée désignée,2,930400.0,transformative,True,4828.27759975899,3,0,0,0.38901610617116833,68.89521833192049,True,0.18268207213139412,transformative_connector
bf632ebe083330a280d6785f040bf053,151.2,chaussée désignée,2,604800.0,transformative,True,4828.27759975899,3,0,0,0.38901610617116833,80.30297415574417,True,0.18134194842917176,transformative_connector
432c5c3830795bcb6327b6abe6124d8f,85.3,piste cyclable sur rue,4,127950.0,medium_priority,True,4828.27759975899,1,0,0,0.38901610617116833,94.44437762270712,True,0.18012538627930152,medium_priority_connector
119dc905e37f52b79dfb48e364da4b7a,180.7,vélorue,5,542100.0,lower_priority,True,4828.27759975899,0,0,0,0.38901610617116833,0.0,True,0.8407037258384107,lower_priority_connector
a999da1439bef5d96e4b8913359651c3,146.5,chaussée désignée,2,586000.0,transformative,True,4828.27759975899,3,0,0,0.38901610617116833,0.0,True,0.8407037258384107,transformative_connector
2c49de2ede840d0cbb02de899dc5046c,61.1,bande cyclable,3,122200.0,high_priority,True,4828.27759975899,2,0,0,0.38901610617116833,64.01356849531027,True,0.18339922827647023,high_priority_connector
127736cab15ad2d6e9b70a9a06a98904,63.6,bande cyclable,3,127200.0,high_priority,True,4828.27759975899,2,0,0,0.38901610617116833,0.0,True,0.8407037258384107,high_priority_connector
e20e74abae636f5eed6e92361553e2a0,36.8,bande cyclable,3,73600.0,high_priority,True,4828.27759975899,2,1,10864,0.44040237825416334,63.12626255326858,True,0.20641068968963971,high_priority_connector
64c916a0dd808337e53be579dd749a53,81.8,piste cyclable sur rue,4,122700.0,medium_priority,True,4828.27759975899,1,0,0,0.38901610617116833,0.0,True,0.8407037258384107,medium_priority_connector
1ed8f537f3fe63941060727fbba13a67,95.0,piste cyclable sur rue,4,142500.0,medium_priority,True,4828.27759975899,1,1,2701,0.4017917248103592,0.0,True,0.8463894953534352,medium_priority_connector
004acf13f669f8cd7dfc3c44395ecdfb,62.8,chaussée désignée,2,251200.0,transformative,True,4828.27759975899,3,0,0,0.38901610617116833,0.0,True,0.8407037258384107,transformative_connector
8152ade98642d1f7fdab0016d25392d7,80.8,bande cyclable,3,161600.0,high_priority,True,4828.27759975899,2,0,0,0.38901610617116833,49.01699724019957,True,0.1864779392940813,high_priority_connector
aa19117a207cb02714d7f579eeb9d941,183.0,chaussée désignée,2,732000.0,transformative,True,4828.27759975899,3,0,0,0.38901610617116833,0.0,True,0.8407037258384107,transformative_connector
a40a226d1707ebfef97142dd4e2d52e5,72.5,piste cyclable sur rue,4,108750.0,medium_priority,True,4828.27759975899,1,0,0,0.38901610617116833,0.0,True,0.8407037258384107,medium_priority_connector
807e03316657ce123b3c8985b02be8b8,263.90000000000003,bande cyclable,3,527800.0000000001,high_priority,True,4828.27759975899,2,1,2644,0.40152211716043923,0.0,True,0.846269506881626,high_priority_connector
1d01b2243ca5fb8458f99d2660e005f2,85.8,bande cyclable,3,171600.0,high_priority,True,4828.27759975899,2,0,0,0.38901610617116833,0.0,True,0.8407037258384107,high_priority_connector
f4c9f5be5a61a6bd85168c3fc3ee4a61,179.60000000000002,chaussée désignée,2,718400.0000000001,transformative,True,4828.27759975899,3,0,0,0.38901610617116833,0.0,True,0.8407037258384107,transformative_connector
b0c32a6a235b14a21cc2eebc65f3471c,182.4,bande cyclable,3,364800.0,high_priority,True,4828.27759975899,2,0,0,0.38901610617116833,0.0,True,0.8407037258384107,high_priority_connector
4fbfa128e954540ec16775d445a01a76,162.39999999999998,piste cyclable sur rue,4,243599.99999999997,medium_priority,True,4828.27759975899,1,0,0,0.38901610617116833,0.0,True,0.8407037258384107,medium_priority_connector
0aa98ca978ccf6ce9dc2d517521eac80,320.5,chaussée désignée,2,1282000.0,transformative,True,4828.27759975899,3,1,7491,0.424448227321179,0.0,True,0.856472737107218,transformative_connector
848c7e73d6f86f04c39ff929de810f73,51.8,chaussée désignée,2,207200.0,transformative,True,4828.27759975899,3,0,0,0.38901610617116833,0.0,True,0.8407037258384107,transformative_connector
66d5a038050f3a72d48dd1e269824ee3,321.7,chaussée désignée,2,1286800.0,transformative,True,4828.27759975899,3,0,0,0.38901610617116833,0.0,True,0.8407037258384107,transformative_connector
5983ecee8d57c01042015c37c3066e6d,72.5,bande cyclable,3,145000.0,high_priority,True,4828.27759975899,2,0,0,0.38901610617116833,0.0,True,0.8407037258384107,high_priority_connector
cb6cdf743e7432ec6ef200f2b785b636,15.299999999999999,piste cyclable en site propre,5,15299.999999999998,lower_priority,True,4828.27759975899,0,0,0,0.38901610617116833,65.88565719386108,True,0.18311182746581595,lower_priority_connector
b4858052f6d3639fb14153ae96d649a7,264.6,chaussée désignée,2,1058400.0,transformative,True,4828.27759975899,3,0,0,0.38901610617116833,0.0,True,0.8407037258384107,transformative_connector
1aacd9de44569d39d2477c5bf6f605aa,97.10000000000001,piste cyclable sur rue,4,145650.0,medium_priority,True,4828.27759975899,1,0,0,0.38901610617116833,83.00448574750311,True,0.1810778921524351,medium_priority_connector
3e4b2e79015ae4c5277d99df8293d45a,41.9,bande cyclable,3,83800.0,high_priority,True,4828.27759975899,2,1,9313,0.43306621220107744,94.846822460463,True,0.19970045035580952,high_priority_connector
63bc82e9a58d1c93c2f0459f6b51b812,175.0,chaussée désignée,2,700000.0,transformative,True,4828.27759975899,3,1,10375,0.4380894284153761,0.0,True,0.8625437327685772,transformative_connector
4c9a2dc45dd23fc6ca59ed254f0aff7a,69.9,piste cyclable sur rue,4,104850.00000000001,medium_priority,True,4828.27759975899,1,0,0,0.38901610617116833,85.25485163735048,True,0.1808705604581615,medium_priority_connector
9729ef18653dbbbc8425373f6e5c327e,26.0,piste cyclable sur rue,4,39000.0,medium_priority,True,4828.27759975899,1,0,0,0.38901610617116833,37.87461139517323,True,0.190303482291923,medium_priority_connector
3eb3d43e2425006efc6a82325d537fe4,264.29999999999995,chaussée désignée,2,1057199.9999999998,transformative,True,4828.27759975899,3,1,18898,0.47840286701656964,0.0,True,0.8804851668954021,transformative_connector
bddca910f1b81a8e35742c554fc8de75,67.2,piste cyclable sur rue,4,100800.0,medium_priority,True,4828.27759975899,1,0,0,0.38901610617116833,0.0,True,0.8407037258384107,medium_priority_connector
8355a1f83d95443b472e19006ad5b02e,88.5,piste cyclable sur rue,4,132750.0,medium_priority,True,4828.27759975899,1,0,0,0.38901610617116833,0.0,True,0.8407037258384107,medium_priority_connector
d30321e90e5579031e987b7b6ac2efdc,34.8,piste cyclable sur rue,4,52199.99999999999,medium_priority,True,4828.27759975899,1,0,0,0.38901610617116833,0.0,True,0.8407037258384107,medium_priority_connector
c065c50d62c720281c9e761a1e09f03b,263.29999999999995,bande cyclable,3,526599.9999999999,high_priority,True,4828.27759975899,2,1,9517,0.43403112379026476,86.89642034044066,True,0.20075988018185742,high_priority_connector
33dee066b74d31f0c76bb381a6fdc868,176.1,chaussée désignée,2,704400.0,transformative,True,4828.27759975899,3,0,0,0.38901610617116833,0.0,True,0.8407037258384107,transformative_connector
c25a8e487bf77b5fae9a9dccbc351ed5,47.4,piste cyclable sur rue,4,71100.0,medium_priority,True,4828.27759975899,1,0,0,0.38901610617116833,0.0,True,0.8407037258384107,medium_priority_connector
6b18f32b7bf90ab891e05ca9cfbffe91,247.0,chaussée désignée,2,988000.0,transformative,True,4828.27759975899,3,0,0,0.38901610617116833,0.0,True,0.8407037258384107,transformative_connector
bf32ab6c60980e9d1b03c56870b9c3dc,85.6,vélorue,5,256799.99999999997,lower_priority,True,4828.27759975899,0,0,0,0.38901610617116833,0.0,True,0.8407037258384107,lower_priority_connector
c968605c1c5be51789d609cd17a39f32,85.7,bande cyclable,3,171400.0,high_priority,True,4828.27759975899,2,0,0,0.38901610617116833,0.0,True,0.8407037258384107,high_priority_connector
5b24f4f988ec7c851550ae2fdf4a84ad,44.699999999999996,bande cyclable,3,89399.99999999999,high_priority,True,4828.27759975899,2,0,0,0.38901610617116833,86.99927771721201,True,0.180717138153875,high_priority_connector
d764e9282001f6640e5700d44a62befd,260.79999999999995,chaussée désignée,2,1043199.9999999998,transformative,True,4828.27759975899,3,2,7009,0.4221683871937854,67.98520761322791,True,0.19756243565527826,transformative_connector
0b8d1ad782324e9962e5ccb199e66f89,260.0,bande cyclable,3,520000.0,high_priority,True,4828.27759975899,2,0,0,0.38901610617116833,86.65882989567108,True,0.18074660097663253,high_priority_connector
056730036912c9500c2f869d1178edaa,130.70000000000002,chaussée désignée,2,522800.00000000006,transformative,True,4828.27759975899,3,0,0,0.38901610617116833,97.78991280116936,True,0.1798885211013908,transformative_connector
c55b3635e22336bc10fccd1e75045700,317.3,chaussée désignée,2,1269200.0,transformative,True,4828.27759975899,3,2,24200,0.5034811084178987,0.0,True,0.8916461998345582,transformative_connector
d44c9a15eb5a55105d6e5a5d566de05a,210.7,chaussée désignée,2,842800.0,transformative,True,4828.27759975899,3,0,0,0.38901610617116833,47.84122664367195,True,0.18679924392683434,transformative_connector
6b29efff16862a8a43164edb1be1d53b,340.8,bande cyclable,3,681600.0,high_priority,True,4828.27759975899,2,0,0,0.38901610617116833,0.0,True,0.8407037258384107,high_priority_connector
f7be45743d6357823118a7f8cbeecf20,58.0,piste cyclable sur rue,4,87000.0,medium_priority,True,4828.27759975899,1,0,0,0.38901610617116833,0.0,True,0.8407037258384107,medium_priority_connector
5708e882993a17cbc6aff085b8b75875,132.1,chaussée désignée,2,528400.0,transformative,True,4828.27759975899,3,0,0,0.38901610617116833,0.0,True,0.8407037258384107,transformative_connector
5da766cc875363b5bda7708b864d2371,316.8,piste cyclable sur rue,4,475200.0,medium_priority,True,4828.27759975899,1,2,38056,0.5690194171423076,0.0,True,0.9208139237887158,medium_priority_connector
e257d076758d8cf6b12b3162013d7135,216.79999999999998,bande cyclable,3,433599.99999999994,high_priority,True,4828.27759975899,2,0,0,0.38901610617116833,95.43103354042677,True,0.18005382186462912,high_priority_connector
de542480de39fb1ee5af83aac58eec12,317.09999999999997,vélorue,5,951299.9999999999,lower_priority,True,4828.27759975899,0,0,0,0.38901610617116833,0.0,True,0.8407037258384107,lower_priority_connector
e013179963cee25b44521159298db259,140.4,bande cyclable,3,280800.0,high_priority,True,4828.27759975899,2,0,0,0.38901610617116833,0.0,True,0.8407037258384107,high_priority_connector
ecca612131c72d51c0c1909169877dba,247.70000000000002,bande cyclable,3,495400.00000000006,high_priority,True,4828.27759975899,2,0,0,0.38901610617116833,86.23935024387553,True,0.18078321954638743,high_priority_connector
9e88ef260b0c26b9e890bf27a8e3e5c7,84.3,piste cyclable sur rue,4,126450.0,medium_priority,True,4828.27759975899,1,0,0,0.38901610617116833,0.0,True,0.8407037258384107,medium_priority_connector
15900a767bacfe2f38fc8bbdc614405f,64.8,chaussée désignée,2,259200.0,transformative,True,4828.27759975899,3,0,0,0.38901610617116833,0.0,True,0.8407037258384107,transformative_connector
47be19a0ca730c66944293994173ab05,259.1,chaussée désignée,2,1036400.0000000001,transformative,True,4828.27759975899,3,0,0,0.38901610617116833,65.74561317955195,True,0.18313276894698757,transformative_connector
b9550af69b4961d4522de7c16e059e9b,292.9,bande cyclable,3,585800.0,high_priority,True,4828.27759975899,2,1,28030,0.5215968505090135,0.0,True,0.8997085831157665,high_priority_connector
3ee3c9aaaf633c1b38185be40e1208e0,320.5,bande cyclable,3,641000.0,high_priority,True,4828.27759975899,2,0,0,0.38901610617116833,0.0,True,0.8407037258384107,high_priority_connector
4e25043b43a8c5a69b3dcc9f105d9808,123.39999999999999,chaussée désignée,2,493599.99999999994,transformative,True,4828.27759975899,3,0,0,0.38901610617116833,70.53433437870041,True,0.18246322227493272,transformative_connector
51dbff13d89588cb41bdd75696c09e09,286.8,bande cyclable,3,573600.0,high_priority,True,4828.27759975899,2,1,17398,0.47130792886078055,0.0,True,0.8773275755320046,high_priority_connector
680cf28af131450045eaab261fd7e916,246.2,chaussée désignée,2,984800.0,transformative,True,4828.27759975899,3,0,0,0.38901610617116833,0.0,True,0.8407037258384107,transformative_connector
f2ecb3065e65dd98276668b99037d63a,34.9,piste cyclable sur rue,4,52350.0,medium_priority,True,4828.27759975899,1,0,0,0.38901610617116833,54.67458204414172,True,0.18512164147927881,medium_priority_connector
5b20b3384aea6bf86130cc99e3853aae,313.40000000000003,piste cyclable sur rue,4,470100.00000000006,medium_priority,True,4828.27759975899,1,0,0,0.38901610617116833,0.0,True,0.8407037258384107,medium_priority_connector
a495e3c56f880ee1cabfcd4d1b1d4d8e,317.3,chaussée désignée,2,1269200.0,transformative,True,4828.27759975899,3,1,4950,0.4124294020852723,0.0,True,0.8511237773376227,transformative_connector
c8d001042d0ab0f8685ef44ccec323f5,119.0,chaussée désignée,2,476000.0,transformative,True,4828.27759975899,3,0,0,0.38901610617116833,0.0,True,0.8407037258384107,transformative_connector
fbdefec8e7705cbbbba2c9923d802362,138.4,piste cyclable sur rue,4,207600.0,medium_priority,True,4890.049751243781,1,0,0,0.3939931111887814,0.0,True,0.8429187343013638,medium_priority_connector
e68d25c8afbb7ad33ad80317253a4085,339.5,bande cyclable,3,679000.0,high_priority,True,4828.27759975899,2,1,419,0.39099795889601874,0.0,True,0.8415857463592531,high_priority_connector
e479a5533f039c3183629d41ea5d2bcc,185.9,bande cyclable,3,371800.0,high_priority,True,4828.27759975899,2,0,0,0.38901610617116833,54.67458204414172,True,0.18512164147927881,high_priority_connector
985d5981d0a1b7e2b5bb31b735a6b113,280.8,bande cyclable,3,561600.0,high_priority,True,4828.27759975899,2,0,0,0.38901610617116833,0.0,True,0.8407037258384107,high_priority_connector
293d4aaccc2e054796073e4b55dff51e,43.5,piste cyclable sur rue,4,65250.0,medium_priority,True,4828.27759975899,1,0,0,0.38901610617116833,0.0,True,0.8407037258384107,medium_priority_connector
b7164f3ce57e29d548b895969c9441cd,61.6,piste cyclable sur rue,4,92400.0,medium_priority,True,4828.27759975899,1,0,0,0.38901610617116833,66.3186417974241,True,0.18304763224750126,medium_priority_connector
03adbc55e6a889c7ddf6dc96475d1a02,181.60000000000002,bande cyclable,3,363200.00000000006,high_priority,True,4828.27759975899,2,0,0,0.38901610617116833,0.0,True,0.8407037258384107,high_priority_connector
235c091de24f3957d5827c7f5decfbee,15.9,piste cyclable sur rue,4,23850.0,medium_priority,True,4828.27759975899,1,0,0,0.38901610617116833,87.55264271302487,True,0.18066973255692179,medium_priority_connector
b6722e1659265c0398d81b79a5db680b,46.800000000000004,piste cyclable sur rue,4,70200.0,medium_priority,True,4828.27759975899,1,0,0,0.38901610617116833,76.55380962750193,True,0.18173888718184036,medium_priority_connector
ce2eb96f458eed8d77807b90fb3a851a,110.9,bande cyclable,3,221800.0,high_priority,True,4828.27759975899,2,0,0,0.38901610617116833,0.0,True,0.8407037258384107,high_priority_connector
d8677e0c00bb9a848422343ede702192,154.70000000000002,bande cyclable,3,309400.00000000006,high_priority,True,4828.27759975899,2,0,0,0.38901610617116833,66.31080925538333,True,0.18304878618197432,high_priority_connector
f0a540821e2a2d42768dd4f14538e7cb,84.0,piste cyclable sur rue,4,126000.0,medium_priority,True,4828.27759975899,1,0,0,0.38901610617116833,0.0,True,0.8407037258384107,medium_priority_connector
a86c946d6c002761ffd9e037788ef056,190.5,bande cyclable,3,381000.0,high_priority,True,4828.27759975899,2,0,0,0.38901610617116833,0.0,True,0.8407037258384107,high_priority_connector
08d43a4921b13e7df4488f17448089f1,71.5,piste cyclable sur rue,4,107250.0,medium_priority,True,4828.27759975899,1,0,0,0.38901610617116833,0.0,True,0.8407037258384107,medium_priority_connector
ea0e070340549c2f99f8fe20fc4528ec,115.8,bande cyclable,3,231600.0,high_priority,True,4828.27759975899,2,0,0,0.38901610617116833,0.0,True,0.8407037258384107,high_priority_connector
4dd7269e61e20f17c53a3ffd5c83632e,85.5,chaussée désignée,2,342000.0,transformative,True,4828.27759975899,3,0,0,0.38901610617116833,0.0,True,0.8407037258384107,transformative_connector
28d2ddd33c5f4f00203525aa6efedf56,264.90000000000003,chaussée désignée,2,1059600.0000000002,transformative,True,4828.27759975899,3,0,0,0.38901610617116833,66.90380542316744,True,0.18296217548534788,transformative_connector
7eccee5ebbf27ad61ffbf1bea174119e,68.0,chaussée désignée,2,272000.0,transformative,True,4828.27759975899,3,0,0,0.38901610617116833,63.75375885427635,True,0.18344042710290648,transformative_connector
1451da498fe86eecf4f50ef5ce684543,128.20000000000002,chaussée désignée,2,512800.00000000006,transformative,True,4828.27759975899,3,0,0,0.38901610617116833,0.0,True,0.8407037258384107,transformative_connector
1d352559ee815b3a4623e40544f694c6,69.2,bande cyclable,3,138400.0,high_priority,True,4828.27759975899,2,0,0,0.38901610617116833,86.23935024387553,True,0.18078321954638743,high_priority_connector
5bedef0dd55363b7d93bef1c06a23945,657.8000000000001,piste cyclable en site propre,5,657800.0000000001,lower_priority,True,4828.27759975899,0,0,0,0.38901610617116833,0.0,True,0.8407037258384107,lower_priority_connector
6da21a55d9da2a8589f530c02222ce77,130.5,piste cyclable sur rue,4,195750.0,medium_priority,True,4828.27759975899,1,0,0,0.38901610617116833,0.0,True,0.8407037258384107,medium_priority_connector
0ba690d371ae57239652413e614951bf,320.6,bande cyclable,3,641200.0,high_priority,True,4828.27759975899,2,0,0,0.38901610617116833,0.0,True,0.8407037258384107,high_priority_connector
f17c8f4679d8753a19f0f229f8e72a65,211.60000000000002,bande cyclable,3,423200.00000000006,high_priority,True,4828.27759975899,2,0,0,0.38901610617116833,67.15485663469074,True,0.1829259620296342,high_priority_connector
c114ae1b0cc821e7946ff8cfd9a99330,26.3,piste cyclable sur rue,4,39450.0,medium_priority,True,4828.27759975899,1,0,0,0.38901610617116833,40.479745307946594,True,0.1892249665683859,medium_priority_connector
c4d3d297424c224a5a2425975c9b383e,80.9,bande cyclable,3,161800.0,high_priority,True,4828.27759975899,2,0,0,0.38901610617116833,0.0,True,0.8407037258384107,high_priority_connector
d3afea32ee5e178af38ff64e9e9aebc9,291.5,piste cyclable sur rue,4,437250.0,medium_priority,True,4828.27759975899,1,0,0,0.38901610617116833,0.0,True,0.8407037258384107,medium_priority_connector
a32407997265e9c5df7682d406aea0d1,89.6,piste cyclable sur rue,4,134400.0,medium_priority,True,4828.27759975899,1,1,24811,0.5063711132266902,0.0,True,0.8929323920499154,medium_priority_connector
2fb3e68b4ae3367f4865efb8cb758b9d,166.6,chaussée désignée,2,666400.0,transformative,True,4828.27759975899,3,0,0,0.38901610617116833,52.592606011207835,True,0.18558745539122334,transformative_connector
c78a68b9d732df7ad8d729090737bce6,132.1,bande cyclable,3,264200.0,high_priority,True,4828.27759975899,2,0,0,0.38901610617116833,0.0,True,0.8407037258384107,high_priority_connector
472ed6afabe6ff1557154d9e6c711107,42.1,chaussée désignée,2,168400.0,transformative,True,4828.27759975899,3,0,0,0.38901610617116833,37.57746055158089,True,0.19043575670444907,transformative_connector
762a7d1a9de8a97147a287b96f7eba92,122.0,piste cyclable sur rue,4,183000.0,medium_priority,True,4828.27759975899,1,0,0,0.38901610617116833,32.49929371805455,True,0.19305898596827709,medium_priority_connector
8bd4f1b9a9a9103b6e383b4ea36fda95,281.6,piste cyclable sur rue,4,422400.00000000006,medium_priority,True,4828.27759975899,1,0,0,0.38901610617116833,0.0,True,0.8407037258384107,medium_priority_connector
bcb52b3f7a5ba85ee3f979a784c6ab72,84.3,bande cyclable,3,168600.0,high_priority,True,4828.27759975899,2,0,0,0.38901610617116833,86.78588369457744,True,0.1807355788379574,high_priority_connector
01bf2606bfec5c81c95852123b05df8e,181.10000000000002,chaussée désignée,2,724400.0000000001,transformative,True,4828.27759975899,3,0,0,0.38901610617116833,85.18345730557952,True,0.18087697188748,transformative_connector
1376d136c54c4522aa7a2de64dc634a8,144.4,chaussée désignée,2,577600.0,transformative,True,4828.27759975899,3,0,0,0.38901610617116833,22.887898479381427,True,0.20107708492018828,transformative_connector
c023874018e24f8c55a676c840a696b1,107.39999999999999,bande cyclable,3,214799.99999999997,high_priority,True,4828.27759975899,2,0,0,0.38901610617116833,23.598921901936958,True,0.20026931354427208,high_priority_connector
4e5bc84ecd5954eafaad007f84390acb,137.0,chaussée désignée,2,548000.0,transformative,True,4828.27759975899,3,1,13703,0.4538307312036868,0.0,True,0.869549375473502,transformative_connector
0e3bf3f5ebca59bcdcddf599caac3050,88.9,piste cyclable sur rue,4,133350.0,medium_priority,True,4828.27759975899,1,0,0,0.38901610617116833,0.0,True,0.8407037258384107,medium_priority_connector
6e36a5c290ffe0460089938f610bcb34,13.899999999999999,piste cyclable sur rue,4,20849.999999999996,medium_priority,True,4828.27759975899,1,0,0,0.38901610617116833,90.92313491121976,True,0.18039331505164266,medium_priority_connector
eda26f493ae97451f288db61c59b4ce5,134.0,chaussée désignée,2,536000.0,transformative,True,4828.27759975899,3,0,0,0.38901610617116833,0.0,True,0.8407037258384107,transformative_connector
c9b626feb3f9a41bc459c566f08f3e0f,33.6,piste cyclable sur rue,4,50400.0,medium_priority,True,4828.27759975899,1,0,0,0.38901610617116833,0.0,True,0.8407037258384107,medium_priority_connector
758fca46f74e1b919c7cc57a0f9c2517,88.9,piste cyclable sur rue,4,133350.0,medium_priority,True,4828.27759975899,1,0,0,0.38901610617116833,75.09930786529982,True,0.1819034110754908,medium_priority_connector
442d0bf6215cd1ffe0461658c2c013c8,191.8,piste cyclable sur rue,4,287700.0,medium_priority,True,4828.27759975899,1,1,42081,0.5880575011936751,0.0,True,0.929286793947166,medium_priority_connector
dbd4a4cd72400654ef34df59cff40f53,83.7,piste cyclable sur rue,4,125550.0,medium_priority,True,4828.27759975899,1,0,0,0.38901610617116833,0.0,True,0.8407037258384107,medium_priority_connector
83c0c21329f6afd28168b16a5e4097b5,258.90000000000003,bande cyclable,3,517800.00000000006,high_priority,True,4828.27759975899,2,0,0,0.38901610617116833,86.76653437461323,True,0.18073725536530302,high_priority_connector
9d7ee9f1bba4f254828b7aa86307669a,707.7,chaussée désignée,2,2830800.0,transformative,True,4828.27759975899,3,1,483,0.3913006762573324,0.0,True,0.8417204702574247,transformative_connector
c304e70fbdc70a32aa7f7f744f5c8d14,638.1,chaussée désignée,2,2552400.0,transformative,True,4828.27759975899,3,0,0,0.38901610617116833,0.0,True,0.8407037258384107,transformative_connector
40ad6be2a43bbbe816d4f88700ead933,84.0,chaussée désignée,2,336000.0,transformative,True,4828.27759975899,3,0,0,0.38901610617116833,0.0,True,0.8407037258384107,transformative_connector
f4d3290a0567000e98fdc46606e19c6a,64.69999999999999,piste cyclable en site propre,5,64699.999999999985,lower_priority,True,4828.27759975899,0,0,0,0.38901610617116833,0.0,True,0.8407037258384107,lower_priority_connector
21765cf06786513812428e8b42efa68d,365.8,sentier polyvalent,2,1097400.0,lower_priority,True,4828.27759975899,3,0,0,0.38901610617116833,0.0,True,0.8407037258384107,lower_priority_connector
32af7f56bce4fe27023c6ea5dc2ef277,59.0,piste cyclable en site propre,5,59000.0,lower_priority,True,4828.27759975899,0,0,0,0.38901610617116833,0.0,True,0.8407037258384107,lower_priority_connector
9d9d7b86a07c634b0a051c1573f4fdd2,133.8,sentier polyvalent,2,401400.00000000006,lower_priority,True,4828.27759975899,3,0,0,0.38901610617116833,66.74242836257444,True,0.18298559541018464,lower_priority_connector
14e8873cfcc33b8848fe6e6f36502e5e,15.7,piste cyclable en site propre,5,15700.0,lower_priority,True,4828.27759975899,0,0,0,0.38901610617116833,96.83120290890943,True,0.17995474210879803,lower_priority_connector
ab05bafec77d73e474f9155b33c4fd4b,94.5,chaussée désignée,2,378000.0,transformative,True,4828.27759975899,3,1,8699,0.43016201751597444,70.78790757311644,True,0.2007421834123422,transformative_connector
429e7283b2cb0113ef0ac0c024ca86b1,82.3,bande cyclable,3,164600.0,high_priority,True,4828.27759975899,2,0,0,0.38901610617116833,0.0,True,0.8407037258384107,high_priority_connector
0d63215d1a8b90f79e9af8552ca7b5fd,83.9,bande cyclable,3,167800.0,high_priority,True,4828.27759975899,2,0,0,0.38901610617116833,87.14906406878701,True,0.18070424752812378,high_priority_connector
7701c7f441135d9029cd4b9a5cdc1fd9,18.599999999999998,bande cyclable,3,37199.99999999999,high_priority,True,4828.27759975899,2,0,0,0.38901610617116833,0.0,True,0.8407037258384107,high_priority_connector
37a6fc4209d289767c2ccea0045a5672,77.2,piste cyclable sur rue,4,115800.0,medium_priority,True,4828.27759975899,1,0,0,0.38901610617116833,0.0,True,0.8407037258384107,medium_priority_connector
e61c9c523d684a6616907a636dc64435,35.0,bande cyclable,3,70000.0,high_priority,True,4828.27759975899,2,0,0,0.38901610617116833,97.62430842207081,True,0.1798998679122105,high_priority_connector
fcafab349329d91c5d497ce9d1bd5976,13.299999999999999,piste cyclable en site propre,5,13299.999999999998,lower_priority,True,4828.27759975899,0,0,0,0.38901610617116833,81.40376837396624,True,0.18123226242776436,lower_priority_connector
c62d66228cde9430e92a7ed5fa93209f,104.2,bande cyclable,3,208400.0,high_priority,True,4828.27759975899,2,0,0,0.38901610617116833,0.0,True,0.8407037258384107,high_priority_connector
3d32f19ff06faad707d5dc5f35c871a3,38.699999999999996,piste cyclable en site propre,5,38699.99999999999,lower_priority,True,4828.27759975899,0,0,0,0.38901610617116833,0.0,True,0.8407037258384107,lower_priority_connector
251f2672da44ff5ee5094aaa0567706c,28.9,bande cyclable,3,57800.0,high_priority,True,4828.27759975899,2,0,0,0.38901610617116833,0.0,True,0.8407037258384107,high_priority_connector
9e703da50cc1b5a0c57c698c5714994e,69.0,bande cyclable,3,138000.0,high_priority,True,4828.27759975899,2,1,75673,0.7469462762131862,0.0,True,1.0,high_priority_connector
06b42ff4e05ab1f697be58fecf500f12,12.5,piste cyclable en site propre,5,12500.0,lower_priority,True,4828.27759975899,0,0,0,0.38901610617116833,59.754338116856324,True,0.18411908887542547,lower_priority_connector
e2d8eb9453feb34d1156383bac9d488e,264.2,piste cyclable en site propre,5,264200.0,lower_priority,True,4828.27759975899,0,0,0,0.38901610617116833,95.55060985534737,True,0.1800452480933683,lower_priority_connector
2a162aedaddd4c35e3317a1f9abc4859,47.1,chaussée désignée,2,188400.0,transformative,True,4828.27759975899,3,0,0,0.38901610617116833,0.0,True,0.8407037258384107,transformative_connector
a89e76f9afd0522e6ee82c6f6d1b27a0,65.8,sentier polyvalent,2,197400.0,lower_priority,True,4828.27759975899,3,0,0,0.38901610617116833,0.0,True,0.8407037258384107,lower_priority_connector
00d3dd5912da74de7c43ea6a490f1872,315.09999999999997,piste cyclable sur rue,4,472649.99999999994,medium_priority,True,4828.27759975899,1,0,0,0.38901610617116833,0.0,True,0.8407037258384107,medium_priority_connector
8924a04fc810864646bebe84a8c86030,189.70000000000002,vélorue,5,569100.0,lower_priority,True,4828.27759975899,0,0,0,0.38901610617116833,0.0,True,0.8407037258384107,lower_priority_connector
0677eb430c602294b8b772759c79d00f,319.5,piste cyclable sur rue,4,479250.0,medium_priority,True,4828.27759975899,1,0,0,0.38901610617116833,0.0,True,0.8407037258384107,medium_priority_connector
c277779ee691be9841741161f0bfea1a,192.89999999999998,chaussée désignée,2,771599.9999999999,transformative,True,4828.27759975899,3,0,0,0.38901610617116833,0.0,True,0.8407037258384107,transformative_connector
2707a87f2cf103a824a3ab062f05df09,138.8,bande cyclable,3,277600.0,high_priority,True,4828.27759975899,2,0,0,0.38901610617116833,0.0,True,0.8407037258384107,high_priority_connector
97a38abe4e95700e27d8cc04e5b77161,225.0,vélorue,5,675000.0,lower_priority,True,4828.27759975899,0,0,0,0.38901610617116833,0.0,True,0.8407037258384107,lower_priority_connector
78b70aab23b391f0a7fde29dc186ec29,320.29999999999995,piste cyclable sur rue,4,480449.99999999994,medium_priority,True,4828.27759975899,1,0,0,0.38901610617116833,0.0,True,0.8407037258384107,medium_priority_connector
02a92f8eece468a3a37cde1c5c94d410,82.4,piste cyclable sur rue,4,123600.00000000001,medium_priority,True,4828.27759975899,1,1,2574,0.40119102004650237,88.04570414472204,True,0.18604641619754173,medium_priority_connector
8a0a0c5b930b9e0194791ce487daac38,87.4,piste cyclable sur rue,4,131100.0,medium_priority,True,4828.27759975899,1,0,0,0.38901610617116833,0.0,True,0.8407037258384107,medium_priority_connector
04c65082582ac1738f5e469daf729847,88.9,chaussée désignée,2,355600.0,transformative,True,4828.27759975899,3,0,0,0.38901610617116833,94.57894207513736,True,0.18011553899788638,transformative_connector
33560cc6b3796ca28517731dcb6d209d,290.8,piste cyclable sur rue,4,436200.0,medium_priority,True,4828.27759975899,1,1,42700,0.5909853456726307,0.0,True,0.9305898266497947,medium_priority_connector
b97c01f024aee7aaa352e6e29027f5d0,213.7,bande cyclable,3,427400.0,high_priority,True,4828.27759975899,2,0,0,0.38901610617116833,72.59246383440639,True,0.18220223257077472,high_priority_connector
81e1962ace04d807aff7c83d32be282a,211.79999999999998,vélorue,5,635400.0,lower_priority,True,4828.27759975899,0,1,16123,0.46527723142835986,0.0,True,0.8746436228731167,lower_priority_connector
5dda4793aa7455a82029958056071749,361.3,piste cyclable en site propre,5,361300.0,lower_priority,True,4828.27759975899,0,0,0,0.38901610617116833,55.54028652789692,True,0.18493804968479488,lower_priority_connector
a08b35903474e0a39b2bf60aee166966,17.6,sentier polyvalent,2,52800.00000000001,lower_priority,True,4828.27759975899,3,0,0,0.38901610617116833,96.83120290890943,True,0.17995474210879803,lower_priority_connector
725fe0821862c445843c278ef0977ae7,13.299999999999999,sentier polyvalent,2,39900.0,lower_priority,True,4828.27759975899,3,0,0,0.38901610617116833,66.74242836257444,True,0.18298559541018464,lower_priority_connector
1ec2e2828b8349598d5fc86cb15c7bb4,7.5,piste cyclable en site propre,5,7500.0,lower_priority,True,4828.27759975899,0,0,0,0.38901610617116833,88.01693297189279,True,0.18063041251348377,lower_priority_connector
c9a230c6d609c865522e5e9615391fe2,15.8,piste cyclable en site propre,5,15800.0,lower_priority,True,4828.27759975899,0,0,0,0.38901610617116833,65.87490365099124,True,0.1831134323879743,lower_priority_connector
b363b64c4786f876a9002d9e5d1a7468,34.9,piste cyclable en site propre,5,34900.0,lower_priority,True,4828.27759975899,0,0,0,0.38901610617116833,54.632156066323475,True,0.18513078571838995,lower_priority_connector
3393a56e616d0c3b015a3cc99d831d58,313.0,piste cyclable sur rue,4,469500.0,medium_priority,True,4828.27759975899,1,0,0,0.38901610617116833,0.0,True,0.8407037258384107,medium_priority_connector
2fabfafd6cf138e0b55d9abb4044fa13,31.6,sentier polyvalent,2,94800.0,lower_priority,True,4828.27759975899,3,0,0,0.38901610617116833,18.150343526582578,True,0.20799059049385699,lower_priority_connector
e9bfbf09d9138a7c4b761253ef66b912,92.89999999999999,bande cyclable,3,185799.99999999997,high_priority,True,4828.27759975899,2,0,0,0.38901610617116833,0.0,True,0.8407037258384107,high_priority_connector
8822eb45f4e52f49a40957347768661f,215.4,piste cyclable en site propre,5,215400.0,lower_priority,True,4828.27759975899,0,0,0,0.38901610617116833,0.0,True,0.8407037258384107,lower_priority_connector
ba07c40b7d8dd7886d3f2cf70741ddba,79.0,piste cyclable en site propre,5,79000.0,lower_priority,True,4828.27759975899,0,0,0,0.38901610617116833,0.0,True,0.8407037258384107,lower_priority_connector
ffaa76ab7be26351d05ef30e1e2cdd18,59.2,chaussée désignée,2,236800.0,transformative,True,4828.27759975899,3,0,0,0.38901610617116833,34.49335319349729,True,0.19193940889476502,transformative_connector
d003f8b2a7c7d857be5a502f6728aac7,181.29999999999998,piste cyclable sur rue,4,271950.0,medium_priority,True,4828.27759975899,1,1,14584,0.45799782488052027,0.0,True,0.8714039341342708,medium_priority_connector
b068f50edaeed26ef5924ccd72f1d38d,88.3,piste cyclable sur rue,4,132450.0,medium_priority,True,4828.27759975899,1,0,0,0.38901610617116833,0.0,True,0.8407037258384107,medium_priority_connector
49b812d72633be621db9dd415359d066,37.3,bande cyclable,3,74600.0,high_priority,True,4828.27759975899,2,0,0,0.38901610617116833,0.0,True,0.8407037258384107,high_priority_connector
9007bc53219239e4f2358a12cd4ddd07,34.0,chaussée désignée,2,136000.0,transformative,True,4828.27759975899,3,0,0,0.38901610617116833,0.0,True,0.8407037258384107,transformative_connector
7598ba74d515081ca83a77bc9a95f6e2,169.9,sentier polyvalent,2,509700.0,lower_priority,True,4828.27759975899,3,0,0,0.38901610617116833,0.0,True,0.8407037258384107,lower_priority_connector
10638b3ea859d235eaef03f9eb9c036e,208.1,bande cyclable,3,416200.0,high_priority,True,4828.27759975899,2,0,0,0.38901610617116833,37.85858011836052,True,0.19031056686517772,high_priority_connector
a520d6a9320d8e5af8574d0b3762160d,546.6999999999999,piste cyclable en site propre,5,546699.9999999999,lower_priority,True,4828.27759975899,0,0,0,0.38901610617116833,62.50767184685666,True,0.18364270841522098,lower_priority_connector
f93a5db73b337c55201d7e2717ce4121,78.3,piste cyclable sur rue,4,117450.0,medium_priority,True,4828.27759975899,1,0,0,0.38901610617116833,96.69684226100642,True,0.17996412664338926,medium_priority_connector
46508610ab2057d431ada10dc32cdf5b,63.6,piste cyclable sur rue,4,95400.0,medium_priority,True,4828.27759975899,1,0,0,0.38901610617116833,85.92412675885078,True,0.18081096963522403,medium_priority_connector
f01cb7d0db14fb506c277a9142f8845c,60.699999999999996,piste cyclable sur rue,4,91050.0,medium_priority,True,4828.27759975899,1,0,0,0.38901610617116833,44.213549876539446,True,0.187895903880918,medium_priority_connector
86b66f70dbbeb6fbc82837b25cead498,98.10000000000001,piste cyclable sur rue,4,147150.0,medium_priority,True,4828.27759975899,1,0,0,0.38901610617116833,23.598921901936958,True,0.20026931354427208,medium_priority_connector
5a8476574cd8497fd670e294546f80bd,9.1,chaussée désignée,2,36400.0,transformative,True,4828.27759975899,3,1,10232,0.4374130443111909,0.0,True,0.8622427090586,transformative_connector
85c6d433527635a01b5112c805200ab0,367.20000000000005,piste cyclable en site propre,5,367200.00000000006,lower_priority,True,4828.27759975899,0,0,0,0.38901610617116833,72.48923667561746,True,0.18221497450810886,lower_priority_connector
c6577d6943c20e23769ab993468d9a38,45.199999999999996,bande cyclable,3,90399.99999999999,high_priority,True,4828.27759975899,2,0,0,0.38901610617116833,90.40038673641303,True,0.18043485043614804,high_priority_connector
